{"assets/font/Roboto-Black.ttf":["assets/font/Roboto-Black.ttf"],"assets/font/Roboto-Bold.ttf":["assets/font/Roboto-Bold.ttf"],"assets/font/Roboto-Medium.ttf":["assets/font/Roboto-Medium.ttf"],"assets/font/Roboto-Regular.ttf":["assets/font/Roboto-Regular.ttf"],"assets/image/.DS_Store":["assets/image/.DS_Store"],"assets/image/about_us.png":["assets/image/about_us.png"],"assets/image/apple_logo.png":["assets/image/apple_logo.png"],"assets/image/appstore.png":["assets/image/appstore.png"],"assets/image/arabic.png":["assets/image/arabic.png"],"assets/image/call.png":["assets/image/call.png"],"assets/image/cancelation.png":["assets/image/cancelation.png"],"assets/image/card_decor.svg":["assets/image/card_decor.svg"],"assets/image/cash_on_delivery.png":["assets/image/cash_on_delivery.png"],"assets/image/chat.png":["assets/image/chat.png"],"assets/image/checked.png":["assets/image/checked.png"],"assets/image/cooking.gif":["assets/image/cooking.gif"],"assets/image/coupon.png":["assets/image/coupon.png"],"assets/image/coupon_bg.png":["assets/image/coupon_bg.png"],"assets/image/delivery-man.gif":["assets/image/delivery-man.gif"],"assets/image/delivery_location.png":["assets/image/delivery_location.png"],"assets/image/delivery_man_join.png":["assets/image/delivery_man_join.png"],"assets/image/delivery_man_marker.png":["assets/image/delivery_man_marker.png"],"assets/image/digital_payment.png":["assets/image/digital_payment.png"],"assets/image/earn_money.png":["assets/image/earn_money.png"],"assets/image/efood.png":["assets/image/efood.png"],"assets/image/empty_box.png":["assets/image/empty_box.png"],"assets/image/empty_cart.png":["assets/image/empty_cart.png"],"assets/image/english.png":["assets/image/english.png"],"assets/image/facebook.png":["assets/image/facebook.png"],"assets/image/forgot.png":["assets/image/forgot.png"],"assets/image/gift_box1.gif":["assets/image/gift_box1.gif"],"assets/image/giftbox.gif":["assets/image/giftbox.gif"],"assets/image/google.png":["assets/image/google.png"],"assets/image/guest.png":["assets/image/guest.png"],"assets/image/handover.gif":["assets/image/handover.gif"],"assets/image/home_delivery.png":["assets/image/home_delivery.png"],"assets/image/house.png":["assets/image/house.png"],"assets/image/ic_launcher.png":["assets/image/ic_launcher.png"],"assets/image/image.png":["assets/image/image.png"],"assets/image/image1.png":["assets/image/image1.png"],"assets/image/image2.png":["assets/image/image2.png"],"assets/image/image3.png":["assets/image/image3.png"],"assets/image/image4.png":["assets/image/image4.png"],"assets/image/image5.png":["assets/image/image5.png"],"assets/image/l_restaurant.png":["assets/image/l_restaurant.png"],"assets/image/language.png":["assets/image/language.png"],"assets/image/location.png":["assets/image/location.png"],"assets/image/location_marker.png":["assets/image/location_marker.png"],"assets/image/lock.png":["assets/image/lock.png"],"assets/image/log_out.png":["assets/image/log_out.png"],"assets/image/logo.png":["assets/image/logo.png"],"assets/image/logo_name.png":["assets/image/logo_name.png"],"assets/image/loyal.png":["assets/image/loyal.png"],"assets/image/mail.png":["assets/image/mail.png"],"assets/image/maintenance.png":["assets/image/maintenance.png"],"assets/image/map.png":["assets/image/map.png"],"assets/image/message.png":["assets/image/message.png"],"assets/image/my_location_marker.png":["assets/image/my_location_marker.png"],"assets/image/near_restaurant.png":["assets/image/near_restaurant.png"],"assets/image/no_internet.png":["assets/image/no_internet.png"],"assets/image/notification_placeholder.jpg":["assets/image/notification_placeholder.jpg"],"assets/image/on_the_way.gif":["assets/image/on_the_way.gif"],"assets/image/onboard_1.png":["assets/image/onboard_1.png"],"assets/image/onboard_2.png":["assets/image/onboard_2.png"],"assets/image/onboard_3.png":["assets/image/onboard_3.png"],"assets/image/pending.gif":["assets/image/pending.gif"],"assets/image/pick_marker.png":["assets/image/pick_marker.png"],"assets/image/placeholder.jpg":["assets/image/placeholder.jpg"],"assets/image/placeholder.png":["assets/image/placeholder.png"],"assets/image/playstore.png":["assets/image/playstore.png"],"assets/image/policy.png":["assets/image/policy.png"],"assets/image/processing.gif":["assets/image/processing.gif"],"assets/image/profile_bg.png":["assets/image/profile_bg.png"],"assets/image/refer_a_friend.png":["assets/image/refer_a_friend.png"],"assets/image/refer_code.png":["assets/image/refer_code.png"],"assets/image/refund.png":["assets/image/refund.png"],"assets/image/regular_order.png":["assets/image/regular_order.png"],"assets/image/restaurant_cover.png":["assets/image/restaurant_cover.png"],"assets/image/restaurant_join.png":["assets/image/restaurant_join.png"],"assets/image/restaurant_marker.png":["assets/image/restaurant_marker.png"],"assets/image/route.png":["assets/image/route.png"],"assets/image/send.png":["assets/image/send.png"],"assets/image/shipping_policy.png":["assets/image/shipping_policy.png"],"assets/image/slider_image_1.png":["assets/image/slider_image_1.png"],"assets/image/slider_image_3.png":["assets/image/slider_image_3.png"],"assets/image/slider_img_1.png":["assets/image/slider_img_1.png"],"assets/image/slider_img_2.png":["assets/image/slider_img_2.png"],"assets/image/slider_img_3.png":["assets/image/slider_img_3.png"],"assets/image/spanish.png":["assets/image/spanish.png"],"assets/image/subs1.png":["assets/image/subs1.png"],"assets/image/subs2.png":["assets/image/subs2.png"],"assets/image/subs3.png":["assets/image/subs3.png"],"assets/image/subscription_order.png":["assets/image/subscription_order.png"],"assets/image/support.png":["assets/image/support.png"],"assets/image/support_image.png":["assets/image/support_image.png"],"assets/image/t1.jpg":["assets/image/t1.jpg"],"assets/image/t2.jpg":["assets/image/t2.jpg"],"assets/image/t3.jpeg":["assets/image/t3.jpeg"],"assets/image/takeaway.png":["assets/image/takeaway.png"],"assets/image/terms.png":["assets/image/terms.png"],"assets/image/tiffin.png":["assets/image/tiffin.png"],"assets/image/tracking.png":["assets/image/tracking.png"],"assets/image/update.png":["assets/image/update.png"],"assets/image/user.png":["assets/image/user.png"],"assets/image/user_marker.png":["assets/image/user_marker.png"],"assets/image/wallet.png":["assets/image/wallet.png"],"assets/image/warning.png":["assets/image/warning.png"],"assets/image/weather.png":["assets/image/weather.png"],"assets/language/ar.json":["assets/language/ar.json"],"assets/language/en.json":["assets/language/en.json"],"assets/language/es.json":["assets/language/es.json"],"packages/cupertino_icons/assets/CupertinoIcons.ttf":["packages/cupertino_icons/assets/CupertinoIcons.ttf"],"packages/flutter_inappwebview/assets/t_rex_runner/t-rex.css":["packages/flutter_inappwebview/assets/t_rex_runner/t-rex.css"],"packages/flutter_inappwebview/assets/t_rex_runner/t-rex.html":["packages/flutter_inappwebview/assets/t_rex_runner/t-rex.html"],"packages/font_awesome_flutter/lib/fonts/fa-brands-400.ttf":["packages/font_awesome_flutter/lib/fonts/fa-brands-400.ttf"],"packages/font_awesome_flutter/lib/fonts/fa-regular-400.ttf":["packages/font_awesome_flutter/lib/fonts/fa-regular-400.ttf"],"packages/font_awesome_flutter/lib/fonts/fa-solid-900.ttf":["packages/font_awesome_flutter/lib/fonts/fa-solid-900.ttf"],"packages/line_icons/lib/assets/fonts/LineIcons.ttf":["packages/line_icons/lib/assets/fonts/LineIcons.ttf"]}